年度,居住地,細分,合計,飛機小計,飛機松山,飛機桃園,飛機臺中,飛機高雄,飛機其他,輪船小計,輪船基隆,輪船臺中,輪船高雄,輪船其他
102,亞洲地區,日本 Japan,"1,421,550","1,418,087","406,430","986,819",537,"24,289",12,"3,463",69,12,"1,793","1,589"
102,亞洲地區,韓國 Korea,"351,301","350,005","44,053","295,935",451,"9,564",2,"1,296",6,19,204,"1,067"
102,亞洲地區,香港.澳門 Hong Kong.Macao,"1,183,341","1,170,047","3,778","864,540",95699,"10,716","4,214","13,294","2,740",57,"3,738","6,759"
102,亞洲地區,中國大陸 China,"2,874,702","2,597,796","221,581","1,975,449","85,589","273,191","41,986","276,906","44,610","41,136","13,329","177,831"
102,亞洲地區,東南亞地區 越南 Vietnam,"118,467","116,627",73,"87,850","2,823","25,879",2,"1,840",16,5,"1,780",39
102,亞洲地區,東南亞地區 泰國 Thailand,"104,138","104,024",202,"96,334",76,"7,406",6,114,24,0,21,69
102,亞洲地區,東南亞地區 馬來西亞 Malaysia,"394,326","390,939","1,485","381,340",424,"7,669",21,"3,387",56,8,96,"3,227"
102,亞洲地區,東南亞地區 新加坡 Singapore,"364,733","361,318","2,585","345,986",293,"12,438",16,"3,415",9,19,554,"2,833"
102,亞洲地區,東南亞地區 菲律賓 Philippines,"99,698","93,605",184,"81,203",117,"12,099",2,"6,093",54,260,"5,231",548
102,亞洲地區,東南亞地區 印尼 Indonesia,"171,299","163,222",340,"139,645",162,"23,045",30,"8,077",53,55,"5,571","2,398"
102,亞洲地區,東南亞地區 東南亞其他地區 Others,"8,935","8,406",39,"7,554",15,798,0,529,6,50,430,43
102,亞洲地區,東南亞地區 東南亞小計 Sub-Total,"1,261,596","1,238,141","4,908","1,139,912","3,910","89,334",77,"23,455",218,397,"13,683","9,157"
102,亞洲地區,印度 India,"23,318","22,443",180,"19,494",144,"2,621",4,875,2,47,634,192
102,亞洲地區,中東 Middle East,"13,918","13,810",315,"12,626",54,814,1,108,1,10,58,39
102,亞洲地區,亞洲其他 Others,"9,060","8,913",140,"8,167",17,586,3,147,0,6,123,18
102,亞洲地區,亞洲合計 Total,"7,138,786","6,819,242","681,385","5,302,942","186,401","602,215","46,299","319,544","47,646","41,684","33,562","196,652"
102,非洲地區,南非 S. Africa,"4,164","4,152",87,"3,605",54,400,6,12,1,0,2,9
102,非洲地區,非洲其他 Others,"4,631","4,569",59,"4,071",50,389,0,62,1,5,54,2
102,非洲地區,非洲合計 Total,"8,795","8,721",146,"7,676",104,789,6,74,2,5,56,11
102,美洲地區,美國 USA,"414,060","411,694","18,730","373,780","1,145","17,904",135,"2,366",47,73,222,113
102,美洲地區,加拿大 Canada,"72,693","71,900","2,420","62,041",665,"6,606",168,793,8,9,278,498
102,美洲地區,墨西哥 Mexico,"2,295","2,285",64,"2,061",10,150,0,10,6,0,3,1
102,美洲地區,阿根廷 Argentina,"1,124","1,114",33,983,7,91,0,10,0,2,2,6
102,美洲地區,巴西 Brazil,"3,940","3,925",163,"3,407",40,311,4,15,2,0,9,4
102,美洲地區,美洲其他 Others,"8,334","8,290",220,"7,645",17,408,0,44,3,2,18,21
102,美洲地區,美洲合計 Total,"502,446","499,208","21,630","449,917","1,884","25,470",307,"3,238",66,86,532,"2,554"
102,大洋洲地區,澳洲 Australia,"65,777","65,232","1,674","56,853",493,"6,110",102,545,1,9,122,413
102,大洋洲地區,紐西蘭 New Zealand,"10,694","10,597",304,"9,057",86,"1,131",19,97,1,3,24,69
102,大洋洲地區,大洋洲其他 Others,"1,251","1,216",47,"1,004",3,162,0,35,0,0,31,4
102,大洋洲地區,大洋洲合計 Total,"77,722","77,045",114,"66,914",582,"7,403",121,677,2,12,177,486
102,歐洲地區,比利時 Belgium,"4,756","4,739",164,"4,214",15,346,0,17,0,0,4,13
102,歐洲地區,法國 France,"32,384","32,212","1,441","28,382",198,"2,179",12,172,3,5,10,154
102,歐洲地區,德國 Germany,"46,533","46,296","1,625","40,788",206,"3,674",3,237,5,6,102,124
102,歐洲地區,義大利 Italy,"13,663","13,567",496,"11,572",126,"1,368",5,96,0,5,24,67
102,歐洲地區,荷蘭 Netherlands,"16,443","16,312",339,"14,940",45,981,7,131,2,10,32,87
102,歐洲地區,英國 U.K.,"42,438","41,907","1,204","35,669",543,"4,438",53,531,6,16,259,250
102,歐洲地區,西班牙 Spain,"7,128","7,055",264,"6,135",23,632,1,73,0,1,8,64
102,歐洲地區,瑞典 Sweden,"7,136","7,082",268,"6,267",28,515,4,54,2,0,5,47
102,歐洲地區,瑞士 Switzerland,"8,030","8,009",300,"7,101",43,562,3,21,0,0,4,17
102,歐洲地區,奧地利 Austria,"5,350","5,318",162,"4,621",44,491,0,32,1,0,0,31
102,歐洲地區,希臘 Greece,"1,167","1,029",30,701,8,290,0,138,0,15,98,25
102,歐洲地區,俄羅斯 Russian Federation,"7,226","7,090",100,"6,283",43,660,4,136,0,8,103,25
102,歐洲地區,歐洲其他 Others,"30,808","29,927",657,"25,436",324,"3,496",14,881,4,63,565,249
102,歐洲地區,歐洲合計 Total,"223,062","220,543","7,050","192,109","1,646","19,632",106,"2,519",23,129,"1,214","1,153"
102,全區,未列明 Unstated,"65,469","35,154","1,631","13,786","17,586","1,934",217,"30,315","21,719","1,214",755,"6,627"
102,全區,總計 Grand Total,"8,016,280","7,659,913","713,867","6,033,344","208,203","657,443","47,056","356,367","69,458","43,130","36,296","207,483"
103,亞洲地區,日本 Japan,"1,634,790","1,613,649","422,637","1,134,429","1,791","54,765",27,"21,141","8,760",24,298,"12,059"
103,亞洲地區,韓國 Korea,"527,684","524,083","58,855","423,968","11,734","29,519",7,"3,601","1,044",56,513,"1,988"
103,亞洲地區,香港.澳門 Hong Kong.Macao,"1,375,770","1,338,375","4,209","970,306",137208,"215,306","11,346","37,395","2,868",41,"17,432","17,054"
103,亞洲地區,中國大陸 China,"3,987,152","3,651,898","327,354","2,725,503","146,128","418,612","34,301","335,254","49,718","19,469","24,409","241,658"
103,亞洲地區,東南亞地區 越南 Vietnam,"137,177","135,121",60,"98,652","6,223","30,179",7,"2,056",133,16,"1,816",91
103,亞洲地區,東南亞地區 泰國 Thailand,"104,812","104,308",241,"95,744",163,"8,143",17,504,178,2,228,96
103,亞洲地區,東南亞地區 馬來西亞 Malaysia,"439,240","432,976","1,822","420,545","1,504","9,073",32,"6,264",840,9,"1,320","4,095"
103,亞洲地區,東南亞地區 新加坡 Singapore,"376,235","371,161","2,866","354,010","1,576","12,671",38,"5,074",329,23,913,"3,809"
103,亞洲地區,東南亞地區 菲律賓 Philippines,"136,978","127,300",252,"107,763",451,"18,821",13,"9,678","1,332",823,"6,531",992
103,亞洲地區,東南亞地區 印尼 Indonesia,"182,704","173,150",450,"147,316",506,"24,820",58,"9,554",285,133,"6,259","2,877"
103,亞洲地區,東南亞地區 東南亞其他地區 Others,"11,159","10,281",274,"9,027",49,931,0,878,39,163,499,177
103,亞洲地區,東南亞地區 東南亞小計 Sub-Total,"1,388,305","1,354,297","5,965","1,233,057","10,472","104,638",165,"34,008","3,136","1,169","17,566","12,137"
103,亞洲地區,印度 India,"30,168","25,536",263,"21,788",526,"2,944",15,"4,632",170,146,"3,882",434
103,亞洲地區,中東 Middle East,"17,212","16,578",416,"15,164",185,811,2,634,277,13,289,55
103,亞洲地區,亞洲其他 Others,"9,105","8,819",93,"7,997",57,667,5,286,81,19,128,58
103,亞洲地區,亞洲合計 Total,"8,970,186","8,533,235","819,792","6,532,212","308,101","827,262","45,868","436,951","66,054","20,937","64,517","285,443"
103,非洲地區,南非 S. Africa,"4,504","4,370",74,"3,782",79,433,2,134,76,0,40,18
103,非洲地區,非洲其他 Others,"5,456","5,352",45,"4,749",132,420,6,104,40,2,53,9
103,非洲地區,非洲合計 Total,"9,960","9,722",119,"8,531",211,853,8,238,116,2,93,27
103,美洲地區,美國 USA,"458,691","445,006","19,038","402,184","4,252","19,174",358,"13,685","7,350",90,"1,526","4,719"
103,美洲地區,加拿大 Canada,"88,601","84,449","2,684","70,157","3,729","7,527",352,"4,152","1,903",7,"1,061","1,181"
103,美洲地區,墨西哥 Mexico,"3,172","2,742",78,"2,481",41,141,1,430,289,0,120,21
103,美洲地區,阿根廷 Argentina,"1,191","1,038",27,904,12,95,0,153,106,0,39,8
103,美洲地區,巴西 Brazil,"4,551","4,125",139,"3,661",70,245,10,426,211,0,197,18
103,美洲地區,美洲其他 Others,"9,169","8,816",217,"8,020",87,483,9,353,194,1,137,21
103,美洲地區,美洲合計 Total,"565,375","546,176","22,183","487,407","8,191","27,665",730,"19,199","10,053",98,"3,080","5,968"
103,大洋洲地區,澳洲 Australia,"78,674","71,936","1,743","60,980","2,342","6,709",162,"6,738","2,870",11,"2,649","1,208"
103,大洋洲地區,紐西蘭 New Zealand,"12,886","12,286",348,"10,361",376,"1,178",23,600,264,4,193,139
103,大洋洲地區,大洋洲其他 Others,"1,559","1,478",32,"1,317",12,116,1,81,2,0,71,8
103,大洋洲地區,大洋洲合計 Total,"93,119","85,700","2,123","72,658","2,730","8,003",186,"7,419","3,136",15,"2,913","1,355"
103,歐洲地區,比利時 Belgium,"5,352","5,187",174,"4,550",51,409,3,165,49,0,58,58
103,歐洲地區,法國 France,"36,379","35,870","1,474","31,254",648,"2,454",40,509,152,11,75,271
103,歐洲地區,德國 Germany,"52,507","50,713","1,835","44,383",740,"3,737",18,"1,794",851,6,652,285
103,歐洲地區,義大利 Italy,"14,895","14,557",509,"12,337",403,"1,290",18,338,126,6,36,170
103,歐洲地區,荷蘭 Netherlands,"18,498","18,027",374,"16,362",241,"1,038",12,471,203,2,72,194
103,歐洲地區,英國 U.K.,"58,201","51,680","1,340","40,432","4,219","5,475",214,"6,521","3,208",16,"2,173","1,124"
103,歐洲地區,西班牙 Spain,"8,403","8,031",265,"7,015",136,608,7,372,126,4,76,166
103,歐洲地區,瑞典 Sweden,"8,083","7,777",262,"6,826",146,531,12,306,195,4,30,77
103,歐洲地區,瑞士 Switzerland,"8,708","8,330",347,"7,339",165,467,12,378,160,1,182,35
103,歐洲地區,奧地利 Austria,"6,063","5,925",214,"5,119",91,499,2,138,47,0,55,36
103,歐洲地區,希臘 Greece,"1,440","1,218",20,833,37,324,4,222,13,45,116,48
103,歐洲地區,俄羅斯 Russian Federation,"8,353","7,745",116,"6,881",179,566,3,608,241,21,237,109
103,歐洲地區,歐洲其他 Others,"37,998","35,763",725,"29,218","1,940","3,861",19,"2,235",696,126,901,512
103,歐洲地區,歐洲合計 Total,"264,880","250,823","7,655","212,549","8,996","21,259",364,"14,057","6,067",242,"4,663","3,085"
103,全區,未列明 Unstated,"6,684","6,134",304,"4,978",148,700,4,550,48,14,234,254
103,全區,總計 Grand Total,"9,910,204","9,431,790","852,176","7,318,335","328,377","885,742","47,160","478,414","85,474","21,308","75,500","296,132"
104,亞洲地區,日本 Japan,"1,627,229","1,610,682","416,888","1,105,751","1,383","85,296","1,364","16,547","7,498",50,529,"8,470"
104,亞洲地區,韓國 Korea,"658,757","655,818","68,009","535,240","17,408","35,143",18,"2,939",175,76,954,"1,734"
104,亞洲地區,香港.澳門 Hong Kong.Macao,"1,513,597","1,480,235","4,504","1,078,845",155960,"227,316","13,610","33,362","4,271","1,612","17,304","10,175"
104,亞洲地區,中國大陸 China,"4,184,102","3,714,073","346,760","2,735,462","188,886","399,666","43,299","470,029","31,625","29,864","18,338","390,202"
104,亞洲地區,東南亞地區 越南 Vietnam,"146,380","144,602",92,"107,640","6,858","30,010",2,"1,778",174,15,"1,528",61
104,亞洲地區,東南亞地區 泰國 Thailand,"124,409","123,614",210,"114,936",187,"8,274",7,795,439,87,218,51
104,亞洲地區,東南亞地區 馬來西亞 Malaysia,"431,481","425,763","1,795","402,149","1,663","1,021",25,"5,718","1,111",58,792,"3,757"
104,亞洲地區,東南亞地區 新加坡 Singapore,"393,037","387,682","2,985","360,221","1,690","22,735",51,"5,355",799,91,582,"3,883"
104,亞洲地區,東南亞地區 菲律賓 Philippines,"139,217","129,087",249,"108,203",533,"20,081",21,"10,130","1,617",791,"6,701","1,021"
104,亞洲地區,東南亞地區 印尼 Indonesia,"177,743","167,640",388,"140,882",541,"25,780",49,"10,103",511,111,"5,920","3,561"
104,亞洲地區,東南亞地區 東南亞其他地區 Others,"13,218","11,971",335,"10,434",34,"1,167",1,"1,247",45,162,859,181
104,亞洲地區,東南亞地區 東南亞小計 Sub-Total,"1,425,485","1,390,359","6,054","1,244,465","11,506","128,178",156,"35,126","4,696","1,315","16,600","12,515"
104,亞洲地區,印度 India,"32,198","27,995",218,"24,602",499,"2,671",5,"4,203",324,238,"3,280",361
104,亞洲地區,中東 Middle East,"18,753","18,312",437,"16,794",164,909,8,441,243,12,132,54
104,亞洲地區,亞洲其他 Others,"9,438","8,984",75,"8,152",103,648,6,454,140,29,198,87
104,亞洲地區,亞洲合計 Total,"9,469,559","8,906,458","842,945","6,749,311","375,909","879,827","58,466","563,101","48,972","33,196","57,335","423,598"
104,非洲地區,南非 S. Africa,"4,893","4,757",80,"4,093",107,475,2,136,114,4,7,11
104,非洲地區,非洲其他 Others,"5,267","5,169",64,"4,656",96,350,3,98,22,9,65,2
104,非洲地區,非洲合計 Total,"10,160","9,926",144,"8,749",203,825,5,234,136,13,72,13
104,美洲地區,美國 USA,"479,452","467,732","20,042","423,563","4,165","19,549",413,"11,720","5,840",128,"1,329","4,423"
104,美洲地區,加拿大 Canada,"90,666","86,051","2,842","72,810","3,679","6,429",291,"4,615","2,388",67,859,"1,301"
104,美洲地區,墨西哥 Mexico,"3,063","2,842",62,"2,566",28,185,1,221,173,3,33,12
104,美洲地區,阿根廷 Argentina,"1,189","1,150",33,"1,045",16,55,1,39,27,0,10,2
104,美洲地區,巴西 Brazil,"4,120","3,832",104,"3,425",61,239,3,288,219,1,61,7
104,美洲地區,美洲其他 Others,"9,702","9,467",262,"8,499",98,599,9,235,154,3,28,50
104,美洲地區,美洲合計 Total,"588,192","571,074","23,345","511,908","8,047","27,056",718,"17,118","8,801",202,"2,320","5,795"
104,大洋洲地區,澳洲 Australia,"76,122","70,540","1,808","59,785","2,407","6,359",181,"5,582","3,643",42,594,"1,303"
104,大洋洲地區,紐西蘭 New Zealand,"12,805","12,265",424,"10,330",370,"1,120",21,540,321,7,73,139
104,大洋洲地區,大洋洲其他 Others,"1,886","1,791",53,"1,590",9,139,0,95,0,0,94,1
104,大洋洲地區,大洋洲合計 Total,"90,813","84,596","2,285","71,705","2,786","7,618",202,"6,217","3,964",49,761,"1,443"
104,歐洲地區,比利時 Belgium,"6,101","5,686",177,"5,037",82,383,7,415,119,16,204,76
104,歐洲地區,法國 France,"38,364","37,904","1,489","33,222",641,"2,505",47,460,224,14,51,171
104,歐洲地區,德國 Germany,"54,954","53,346","1,833","47,018",789,"3,683",23,"1,608",623,21,658,306
104,歐洲地區,義大利 Italy,"15,615","15,229",487,"12,929",431,"1,368",14,386,158,11,45,172
104,歐洲地區,荷蘭 Netherlands,"19,267","18,676",419,"17,027",268,951,11,591,242,21,128,200
104,歐洲地區,英國 U.K.,"58,784","53,043","1,350","42,616","4,155","4,646",276,"5,741","3,714",105,"1,158",764
104,歐洲地區,西班牙 Spain,"9,065","8,657",306,"7,387",129,833,2,408,202,8,30,168
104,歐洲地區,瑞典 Sweden,"8,106","7,852",287,"6,950",109,500,6,254,122,2,23,107
104,歐洲地區,瑞士 Switzerland,"9,453","9,261",367,"8,127",194,568,5,192,103,4,54,31
104,歐洲地區,奧地利 Austria,"6,243","6,091",183,"5,392",93,420,3,152,87,1,23,41
104,歐洲地區,希臘 Greece,"1,465","1,159",35,819,42,263,0,306,27,48,181,50
104,歐洲地區,俄羅斯 Russian Federation,"7,808","7,358",122,"6,652",150,427,7,450,250,10,122,68
104,歐洲地區,歐洲其他 Others,"38,810","36,649",696,"30,878","1,482","3,561",32,"2,161",704,156,805,496
104,歐洲地區,歐洲合計 Total,"274,035","260,911","7,751","224,054","8,565","20,108",433,"13,124","6,575",417,"3,482","2,650"
104,全區,未列明 Unstated,"7,026","6,388",324,"5,096",103,863,2,638,25,7,377,229
104,全區,總計 Grand Total,"10,439,785","9,839,353","876,794","7,570,823","395,613","936,297","59,826","600,432","68,473","33,884","64,347","433,728"
105,亞洲地區,日本 Japan,"1,895,702","1,876,680","433,723","1,337,906","1,525","98,890","4,636","19,022","15,413",466,961,"2,182"
105,亞洲地區,韓國 Korea,"884,397","881,574","67,335","777,002","3,100","34,094",43,"2,823",892,85,488,"1,358"
105,亞洲地區,香港.澳門 Hong Kong.Macao,"1,614,803","1,594,547","4,733","1,180,546",163489,"231,176","14,603","1,146","3,109",49,"6,909","10,189"
105,亞洲地區,中國大陸 China,"3,511,734","3,096,513","308,706","2,283,485","123,344","358,683","22,295","415,221","10,562","12,701","4,602","387,356"
105,亞洲地區,東南亞地區 越南 Vietnam,"196,636","195,069",330,"151,683","7,822","31,110","4,124","1,567",229,6,"1,294",38
105,亞洲地區,東南亞地區 泰國 Thailand,"195,640","194,300",252,"184,459",331,"9,242",16,"1,340","1,124",2,83,131
105,亞洲地區,東南亞地區 馬來西亞 Malaysia,"474,420","468,314","1,919","432,647","1,511","32,156",81,"6,106","2,362",39,243,"3,462"
105,亞洲地區,東南亞地區 新加坡 Singapore,"407,267","401,547","2,788","363,039","1,778","33,878",64,"5,720",968,10,549,"4,193"
105,亞洲地區,東南亞地區 菲律賓 Philippines,"172,475","162,410",305,"139,812",587,"21,675",31,"10,065","1,838",823,"6,345","1,059"
105,亞洲地區,東南亞地區 印尼 Indonesia,"188,720","178,117",442,"148,677",814,"28,113",71,"10,603",548,172,"6,380","3,503"
105,亞洲地區,東南亞地區 東南亞其他地區 Others,"18,750","17,436",681,"15,214",68,"1,448",25,"1,314",91,134,824,265
105,亞洲地區,東南亞地區 東南亞小計 Sub-Total,"1,653,908","1,617,193","6,717","1,435,531","12,911","157,622","4,412","36,715","7,160","1,186","15,718","12,651"
105,亞洲地區,印度 India,"33,550","31,684",330,"27,411",768,"3,148",27,"1,866",308,213,945,400
105,亞洲地區,中東 Middle East,"19,862","19,525",470,"18,033",168,842,12,337,197,26,41,73
105,亞洲地區,亞洲其他 Others,"10,837","10,408",99,"9,385",136,774,14,429,162,6,195,66
105,亞洲地區,亞洲合計 Total,"9,624,793","9,128,124","822,113","7,069,299","305,441","885,229","46,042","496,669","37,803","14,732","29,859","414,275"
105,非洲地區,南非 S. Africa,"5,077","5,003",70,"4,334",80,510,9,74,53,0,11,10
105,非洲地區,非洲其他 Others,"5,591","5,483",58,"4,830",112,477,6,108,5,7,90,6
105,非洲地區,非洲合計 Total,"10,668","10,486",128,"9,164",192,987,15,182,58,7,101,16
105,美洲地區,美國 USA,"523,888","513,901","21,352","466,273","4,612","21,132",532,"9,987","4,507",56,611,"4,813"
105,美洲地區,加拿大 Canada,"106,197","102,811","3,380","89,047","3,507","6,546",331,"3,386","1,467",8,351,"1,560"
105,美洲地區,墨西哥 Mexico,"3,138","3,011",88,"2,700",37,184,2,127,113,0,7,7
105,美洲地區,阿根廷 Argentina,"1,281","1,233",36,"1,088",21,88,0,48,38,0,3,7
105,美洲地區,巴西 Brazil,"4,171","4,060",122,"3,618",55,257,8,111,103,1,1,6
105,美洲地區,美洲其他 Others,"10,662","10,501",271,"9,489",97,633,11,161,92,1,45,23
105,美洲地區,美洲合計 Total,"649,337","635,517","25,249","572,215","8,329","28,840",884,"13,820","6,320",66,"1,018","6,416"
105,大洋洲地區,澳洲 Australia,"82,361","76,144","1,843","65,240","2,356","6,543",162,"6,217","4,934",15,192,"1,076"
105,大洋洲地區,紐西蘭 New Zealand,"13,676","13,135",373,"11,254",317,"1,151",40,541,382,2,20,137
105,大洋洲地區,大洋洲其他 Others,"2,189","2,137",33,"1,926",4,174,0,52,0,1,50,1
105,大洋洲地區,大洋洲合計 Total,"98,226","91,416","2,249","78,420","2,677","7,868",202,"6,810","5,316",18,262,"1,214"
105,歐洲地區,比利時 Belgium,"6,627","6,424",182,"5,681",85,465,11,203,48,6,46,103
105,歐洲地區,法國 France,"42,380","41,838","1,608","36,926",600,"2,633",71,542,284,31,46,181
105,歐洲地區,德國 Germany,"59,798","58,181","2,148","51,333",801,"3,840",59,"1,617",398,10,821,388
105,歐洲地區,義大利 Italy,"17,102","16,709",544,"14,278",371,"1,494",22,393,147,8,29,209
105,歐洲地區,荷蘭 Netherlands,"23,254","22,630",454,"20,568",300,"1,291",17,624,133,11,287,193
105,歐洲地區,英國 U.K.,"59,867","56,067","1,336","46,440","3,769","4,309",213,"3,800","2,493",24,493,790
105,歐洲地區,西班牙 Spain,"10,686","10,391",334,"8,961",210,879,7,295,94,8,31,162
105,歐洲地區,瑞典 Sweden,"8,744","8,536",325,"7,475",113,609,14,208,126,2,10,70
105,歐洲地區,瑞士 Switzerland,"10,225","10,024",368,"8,824",187,632,13,201,98,5,45,53
105,歐洲地區,奧地利 Austria,"6,867","6,708",245,"5,891",90,471,11,159,59,0,34,66
105,歐洲地區,希臘 Greece,"1,572","1,321",25,981,29,286,0,251,17,47,129,58
105,歐洲地區,俄羅斯 Russian Federation,"7,974","7,591",152,"6,708",167,551,13,383,113,8,175,87
105,歐洲地區,歐洲其他 Others,"44,660","42,489",798,"36,686","1,323","3,629",53,"2,171",588,136,852,595
105,歐洲地區,歐洲合計 Total,"299,756","288,909","8,519","250,752","8,045","21,089",504,"10,847","4,598",296,"2,998","2,955"
105,全區,未列明 Unstated,"7,499","6,826",358,"5,480",311,661,16,673,30,15,348,280
105,全區,總計 Grand Total,"10,690,279","10,161,278","858,616","7,985,330","324,995","944,674","47,663","529,001","54,125","15,134","34,586","425,156"
106,亞洲地區,日本 Japan,"1,898,854","1,873,971","427,382","1,348,014","1,636","92,341","4,598","24,883","16,045",23,"1,900","6,915"
106,亞洲地區,韓國 Korea,"1,054,708","1,051,404","65,807","937,114","6,819","41,486",178,"3,304","1,243",46,567,"1,448"
106,亞洲地區,香港.澳門 Hong Kong.Macao,"1,692,063","1,665,682","4,898","1,216,273",156416,"238,416","49,679","26,381","8,215",67,"7,872","10,227"
106,亞洲地區,中國大陸 China,"2,732,549","2,317,683","220,109","1,789,992","45,186","251,433","10,963","414,866","12,936","15,766","5,834","380,330"
106,亞洲地區,東南亞地區 越南 Vietnam,"383,329","381,834",156,"281,583","25,990","60,615","13,490","1,495",680,40,720,55
106,亞洲地區,東南亞地區 泰國 Thailand,"292,534","291,376",321,"277,905",712,"12,261",177,"1,158",779,9,140,230
106,亞洲地區,東南亞地區 馬來西亞 Malaysia,"528,019","51,094","1,982","473,806","1,712","42,440",264,"7,815","4,231",71,544,"2,969"
106,亞洲地區,東南亞地區 新加坡 Singapore,"425,577","419,429","2,847","382,148","1,783","32,502",149,"6,148","1,036",15,390,"4,707"
106,亞洲地區,東南亞地區 菲律賓 Philippines,"290,784","262,792",313,"240,409",735,"21,248",87,"27,992","2,384","1,079","23,262","1,267"
106,亞洲地區,東南亞地區 印尼 Indonesia,"189,631","178,174",436,"152,840",818,"23,972",108,"11,457","1,215",155,"6,550","3,537"
106,亞洲地區,東南亞地區 東南亞其他地區 Others,"27,264","25,820",101,"23,180",677,"1,848",14,"1,444",145,159,881,259
106,亞洲地區,東南亞地區 東南亞小計 Sub-Total,"2,137,138","2,079,629","6,156","1,831,871","32,427","194,886","14,289","57,509","10,470","1,528","32,487","13,024"
106,亞洲地區,印度 India,"34,962","33,100",276,"28,488",826,"3,450",60,"1,862",326,248,926,362
106,亞洲地區,中東 Middle East,"21,138","20,057",363,"18,715",170,770,39,"1,081",856,35,117,73
106,亞洲地區,亞洲其他 Others,"14,223","13,727",177,"12,336",268,884,62,496,179,23,195,99
106,亞洲地區,亞洲合計 Total,"9,585,635","9,055,253","725,168","7,182,803","243,748","823,666","79,868","530,382","50,270","17,736","49,898","412,478"
106,非洲地區,南非 S. Africa,"5,757","5,570",60,"4,778",152,557,23,187,120,0,50,17
106,非洲地區,非洲其他 Others,"5,925","5,811",56,"5,164",100,483,8,114,44,5,57,8
106,非洲地區,非洲合計 Total,"11,682","11,381",116,"9,942",252,"1,040",31,301,164,5,107,25
106,美洲地區,美國 USA,"561,365","543,393","21,350","497,169","4,879","18,932","1,063","17,972","9,145",365,"3,187","5,275"
106,美洲地區,加拿大 Canada,"117,687","110,818","3,247","95,709","3,974","6,942",946,"6,869","4,002",32,"1,123","1,712"
106,美洲地區,墨西哥 Mexico,"4,347","3,854",95,"3,545",21,188,5,493,422,0,60,11
106,美洲地區,阿根廷 Argentina,"1,693","1,567",33,"1,416",14,101,3,126,108,0,5,13
106,美洲地區,巴西 Brazil,"4,794","4,557",120,"4,093",53,279,12,237,188,0,38,11
106,美洲地區,美洲其他 Others,"12,163","11,801",257,"10,773",149,591,31,362,243,0,74,45
106,美洲地區,美洲合計 Total,"702,049","675,990","25,102","612,705","9,090","27,033","2,060","26,059","14,108",397,"4,487","7,067"
106,大洋洲地區,澳洲 Australia,"90,892","83,067","1,953","71,509","2,749","6,257",599,"7,825","4,379",22,"1,715","1,709"
106,大洋洲地區,紐西蘭 New Zealand,"14,639","13,842",333,"11,822",450,"1,153",84,797,496,7,153,141
106,大洋洲地區,大洋洲其他 Others,"2,813","2,746",147,"2,379",4,211,5,67,0,0,63,4
106,大洋洲地區,大洋洲合計 Total,"108,344","99,655","2,433","85,710","3,203","7,621",688,"8,689","4,875",29,"1,931","1,854"
106,歐洲地區,比利時 Belgium,"7,666","7,127",246,"6,353",77,418,33,539,314,1,71,153
106,歐洲地區,法國 France,"46,822","45,933","1,682","40,629",722,"2,667",233,889,450,31,57,351
106,歐洲地區,德國 Germany,"65,983","59,740","2,110","52,554",907,"3,998",171,"6,243","5,093",8,850,292
106,歐洲地區,義大利 Italy,"18,596","17,690",561,"15,190",433,"1,445",61,906,639,15,60,192
106,歐洲地區,荷蘭 Netherlands,"25,492","24,541",467,"22,517",260,"1,202",95,951,396,6,274,275
106,歐洲地區,英國 U.K.,"64,858","58,393","1,407","47,179","4,391","4,315","1,101","6,465","3,840",78,"1,642",905
106,歐洲地區,西班牙 Spain,"11,367","10,964",373,"9,456",223,871,41,403,186,29,45,143
106,歐洲地區,瑞典 Sweden,"9,106","8,714",263,"7,715",131,572,33,392,242,1,63,86
106,歐洲地區,瑞士 Switzerland,"11,253","10,642",362,"9,439",147,655,39,611,442,2,122,45
106,歐洲地區,奧地利 Austria,"7,877","7,466",246,"6,622",96,487,15,411,278,13,84,36
106,歐洲地區,希臘 Greece,"1,875","1,509",29,"1,034",48,397,1,366,42,39,205,80
106,歐洲地區,俄羅斯 Russian Federation,"9,226","8,613",174,"7,508",238,676,17,613,301,16,199,97
106,歐洲地區,歐洲其他 Others,"49,969","46,637",794,"39,964","1,956","3,667",256,"3,332","1,486",156,"1,102",588
106,歐洲地區,歐洲合計 Total,"330,090","307,969","8,714","266,160","9,629","21,370","2,096","22,121","13,709",395,"4,774","3,243"
106,全區,未列明 Unstated,"1,801","1,089",32,867,36,141,13,712,11,2,537,162
106,全區,總計 Grand Total,"10,739,601","10,151,337","761,565","8,158,187","265,958","880,871","84,756","588,264","83,137","18,564","61,734","424,829"
107,亞洲地區,日本 Japan,"1,969,151","1,933,766","419,582","1,396,100","2,489","111,980","3,615","35,385","31,753",679,218,"2,735"
107,亞洲地區,韓國 Korea,"1,019,441","1,013,907","62,670","876,568","16,561","58,019",89,"5,534","3,715",59,281,"1,479"
107,亞洲地區,香港.澳門 Hong Kong.Macao,"1,653,654","1,636,540","5,268","1,209,916",161421,"223,647","36,288","17,114","5,523",84,321,"11,186"
107,亞洲地區,中國大陸 China,"2,695,615","2,241,078","232,204","1,715,853","49,449","235,926","7,646","454,537","10,883","17,890","3,954","421,810"
107,亞洲地區,東南亞地區 越南 Vietnam,"490,774","488,673",245,"299,816","62,728","93,585","32,299","2,101","1,225",65,746,65
107,亞洲地區,東南亞地區 泰國 Thailand,"320,008","318,611",438,"298,757","2,272","17,063",81,"1,397",986,6,37,368
107,亞洲地區,東南亞地區 馬來西亞 Malaysia,"526,129","519,806","2,091","467,585","1,857","48,041",232,"6,323","2,676",201,109,"3,337"
107,亞洲地區,東南亞地區 新加坡 Singapore,"427,222","420,722","2,893","377,007","1,421","39,279",122,"6,500","1,144",33,264,"5,059"
107,亞洲地區,東南亞地區 菲律賓 Philippines,"419,105","376,955",417,"350,750",875,"24,786",127,"42,150","31,165","1,086","8,530","1,369"
107,亞洲地區,東南亞地區 印尼 Indonesia,"210,985","198,299",532,"169,749",779,"27,133",106,"12,686","1,036",187,"7,706","3,757"
107,亞洲地區,東南亞地區 東南亞其他地區 Others,"35,896","33,559",98,"29,537","1,103","2,506",315,"2,337",335,322,"1,155",525
107,亞洲地區,東南亞地區 東南亞小計 Sub-Total,"2,430,119","2,356,625","6,714","1,993,201","71,035","252,393","33,282","73,494","38,567","1,900","18,547","14,480"
107,亞洲地區,印度 India,"38,385","36,544",351,"31,508",736,"3,897",52,"1,841",398,205,824,414
107,亞洲地區,中東 Middle East,"22,442","21,680",412,"1,028",192,910,28,762,599,33,97,33
107,亞洲地區,亞洲其他 Others,"16,954","16,454",152,"14,795",343,"1,120",44,500,264,13,160,63
107,亞洲地區,亞洲合計 Total,"9,845,761","9,256,594","727,353","7,258,079","302,226","887,892","81,044","589,167","91,702","20,863","24,402","452,200"
107,非洲地區,南非 S. Africa,"5,596","5,347",64,"4,618",147,501,17,249,165,2,71,11
107,非洲地區,非洲其他 Others,"6,441","6,289",70,"5,500",111,596,12,152,51,16,80,5
107,非洲地區,非洲合計 Total,"12,037","11,636",134,"10,118",258,"1,097",29,401,216,18,151,16
107,美洲地區,美國 USA,"580,072","556,912","23,591","507,969","5,449","19,049",854,"23,160","15,949",180,"2,302","4,729"
107,美洲地區,加拿大 Canada,"128,456","11,072","3,732","104,815","3,712","7,210",713,"8,274","5,557",23,970,"1,724"
107,美洲地區,墨西哥 Mexico,"4,334","3,365",113,"3,010",54,186,2,969,813,0,152,4
107,美洲地區,阿根廷 Argentina,"1,459","1,300",31,"1,147",10,111,1,159,133,0,15,11
107,美洲地區,巴西 Brazil,"5,042","4,642",148,"4,097",42,346,9,400,351,0,35,14
107,美洲地區,美洲其他 Others,"13,115","12,654",333,"11,496",128,665,32,461,329,7,77,48
107,美洲地區,美洲合計 Total,"732,478","699,055","27,948","632,534","9,395","27,567","1,611","33,423","23,132",210,"3,551","6,530"
107,大洋洲地區,澳洲 Australia,"102,541","94,844","1,958","83,758","2,742","6,036",350,"7,697","5,494",22,"1,027","1,154"
107,大洋洲地區,紐西蘭 New Zealand,"16,362","15,472",401,"13,550",395,"1,052",74,890,623,2,129,136
107,大洋洲地區,大洋洲其他 Others,"2,794","2,738",81,"2,425",3,225,4,56,0,0,53,3
107,大洋洲地區,大洋洲合計 Total,"121,697","113,054","2,440","99,733","3,140","7,313",428,"8,643","6,117",24,"1,209","1,293"
107,歐洲地區,比利時 Belgium,"7,845","7,511",192,"6,671",119,508,21,334,144,20,65,105
107,歐洲地區,法國 France,"52,687","51,807","1,833","46,072",813,"2,866",223,880,529,12,117,222
107,歐洲地區,德國 Germany,"65,330","62,790","2,118","54,906","1,038","4,554",174,"2,540","1,843",12,433,252
107,歐洲地區,義大利 Italy,"19,577","18,465",559,"15,906",502,"1,450",48,"1,112",882,15,58,157
107,歐洲地區,荷蘭 Netherlands,"25,835","24,727",516,"22,666",303,"1,174",68,"1,108",699,26,185,198
107,歐洲地區,英國 U.K.,"71,030","64,279","1,777","53,438","3,924","4,378",762,"6,751","4,941",122,"1,064",624
107,歐洲地區,西班牙 Spain,"13,006","12,485",412,"10,767",276,997,33,521,321,15,76,109
107,歐洲地區,瑞典 Sweden,"9,206","8,819",289,"7,674",164,662,30,387,239,4,62,82
107,歐洲地區,瑞士 Switzerland,"11,239","10,713",433,"9,337",225,686,32,526,380,5,116,25
107,歐洲地區,奧地利 Austria,"9,261","8,928",330,"7,961",126,488,23,333,246,0,36,51
107,歐洲地區,希臘 Greece,"1,755","1,442",22,985,40,389,6,313,23,51,188,51
107,歐洲地區,俄羅斯 Russian Federation,"10,394","9,475",206,"8,083",271,867,48,919,437,52,246,184
107,歐洲地區,歐洲其他 Others,"52,929","49,358","1,003","42,204","1,994","3,940",217,"3,571","1,851",214,958,548
107,歐洲地區,歐洲合計 Total,"350,094","330,799","9,690","286,670","9,795","22,959","1,685","19,295","12,535",548,"3,604","2,608"
107,全區,未列明 Unstated,"4,640","4,057",174,"2,950",346,541,46,583,19,6,340,218
107,全區,總計 Grand Total,"11,066,707","10,415,195","767,739","8,290,084","325,160","947,369","84,843","651,512","133,721","21,669","33,257","462,865"
108,亞洲地區,日本 Japan,"2,167,952","2,119,080","437,183","1,550,262","3,914","122,171","5,550","48,872","45,091",20,"1,079","2,682"
108,亞洲地區,韓國 Korea,"1,242,598","1,239,129","62,165","1,043,389","27,235","103,553","2,787","3,469","1,695",75,255,"1,444"
108,亞洲地區,香港.澳門 Hong Kong.Macao,"1,758,006","1,729,255","5,937","1,286,620",166059,"257,487","13,152","28,751","10,655",79,"4,342","13,675"
108,亞洲地區,中國大陸 China,"2,714,065","2,242,309","223,549","1,716,265","46,397","253,246","2,852","471,756","14,307","16,431","12,659","428,359"
108,亞洲地區,東南亞地區 越南 Vietnam,"405,396","404,361",204,"247,348","60,480","75,954","20,375","1,035",405,42,511,77
108,亞洲地區,東南亞地區 泰國 Thailand,"413,926","413,182",354,"375,238","21,282","16,282",26,744,340,6,135,263
108,亞洲地區,東南亞地區 馬來西亞 Malaysia,"537,692","532,198","2,191","476,950","1,495","51,426",136,"5,494","1,264",200,105,"3,925"
108,亞洲地區,東南亞地區 新加坡 Singapore,"460,635","454,621","3,099","409,556","1,067","40,849",50,"6,014",605,64,252,"5,093"
108,亞洲地區,東南亞地區 菲律賓 Philippines,"509,519","495,703",464,"454,602",986,"39,621",30,"13,816","3,092","1,092","8,099","1,533"
108,亞洲地區,東南亞地區 印尼 Indonesia,"229,960","215,916",509,"183,618",611,"31,123",55,"14,044",708,197,"9,116","4,023"
108,亞洲地區,東南亞地區 東南亞其他地區 Others,"36,264","33,658",114,"29,663","1,077","2,456",348,"2,606",291,266,"1,527",522
108,亞洲地區,東南亞地區 東南亞小計 Sub-Total,"2,593,392","2,549,639","6,935","2,176,975","86,998","257,711","21,020","43,753","6,705","1,867","19,745","15,436"
108,亞洲地區,印度 India,"40,353","38,582",306,"33,830",522,"3,892",32,"1,771",321,194,927,329
108,亞洲地區,中東 Middle East,"24,030","22,783",487,"21,203",194,887,12,"1,247",930,31,150,136
108,亞洲地區,亞洲其他 Others,"21,303","20,852",316,"18,517",562,"1,439",18,451,181,33,164,73
108,亞洲地區,亞洲合計 Total,"10,561,699","9,961,629","736,878","7,847,061","331,881","1,000,386","45,423","600,070","79,885","18,730","39,321","462,134"
108,非洲地區,南非 S. Africa,"5,872","5,666",65,"4,882",147,568,4,206,149,24,8,25
108,非洲地區,非洲其他 Others,"6,665","6,561",75,"5,728",92,648,18,104,55,2,40,7
108,非洲地區,非洲合計 Total,"12,537","12,227",140,"10,610",239,"1,216",22,310,204,26,48,32
108,美洲地區,美國 USA,"605,054","582,277","24,673","530,795","5,444","20,947",418,"22,777","14,042",177,"2,007","6,551"
108,美洲地區,加拿大 Canada,"136,651","128,656","4,443","114,079","3,542","6,321",271,"7,995","4,928",25,807,"2,235"
108,美洲地區,墨西哥 Mexico,"4,033","3,418",134,"3,019",33,228,4,615,542,1,31,41
108,美洲地區,阿根廷 Argentina,"1,284","1,109",31,959,10,106,3,175,161,2,4,8
108,美洲地區,巴西 Brazil,"5,417","5,072",155,"4,593",45,272,7,345,302,3,12,28
108,美洲地區,美洲其他 Others,"13,815","13,390",319,"12,167",170,719,15,425,320,9,30,66
108,美洲地區,美洲合計 Total,"766,254","733,922","29,755","665,612","9,244","28,593",718,"32,332","20,295",217,"2,891","8,929"
108,大洋洲地區,澳洲 Australia,"111,788","100,979","2,259","89,756","2,283","6,539",142,"10,809","5,928",38,"2,872","1,971"
108,大洋洲地區,紐西蘭 New Zealand,"19,831","18,704",537,"16,799",364,984,20,"1,127",694,22,228,183
108,大洋洲地區,大洋洲其他 Others,"3,241","3,157",117,"2,765",14,259,2,84,4,4,69,7
108,大洋洲地區,大洋洲合計 Total,"134,860","122,840","2,913","109,320","2,661","7,782",164,"1,109","6,626",64,"3,169","2,161"
108,歐洲地區,比利時 Belgium,"8,980","8,615",232,"7,567",101,701,14,365,200,80,17,68
108,歐洲地區,法國 France,"57,393","56,641","1,993","50,580",820,"3,173",75,752,478,32,80,162
108,歐洲地區,德國 Germany,"72,708","65,160","2,222","57,327",937,"4,616",58,"7,548","6,439",57,631,421
108,歐洲地區,義大利 Italy,"20,115","19,160",596,"16,632",352,"1,545",35,955,688,15,92,160
108,歐洲地區,荷蘭 Netherlands,"27,640","26,538",565,"24,373",264,"1,307",29,"1,102",474,100,139,389
108,歐洲地區,英國 U.K.,"76,904","69,247","1,827","58,823","3,840","4,614",143,"7,657","5,590",508,588,971
108,歐洲地區,西班牙 Spain,"14,298","13,638",437,"11,833",234,"1,116",18,660,442,17,53,148
108,歐洲地區,瑞典 Sweden,"9,522","9,043",362,"7,936",122,609,14,479,333,5,10,131
108,歐洲地區,瑞士 Switzerland,"12,011","11,370",408,"9,954",210,790,8,641,519,3,73,46
108,歐洲地區,奧地利 Austria,"9,160","8,670",301,"7,856",99,407,7,490,409,4,18,59
108,歐洲地區,希臘 Greece,"2,050","1,712",37,"1,155",55,462,3,338,38,57,182,61
108,歐洲地區,俄羅斯 Russian Federation,"17,621","16,119",457,"14,055",314,"1,252",41,"1,502",529,176,217,580
108,歐洲地區,歐洲其他 Others,"58,350","54,606","1,227","47,217","2,060","4,029",73,"3,744","2,098",409,765,472
108,歐洲地區,歐洲合計 Total,"386,752","360,519","10,664","315,308","9,408","24,621",518,"26,233","18,237","1,463","2,865","3,668"
108,全區,未列明 Unstated,"2,003","1,816",198,"1,340",68,200,10,187,15,2,22,148
108,全區,總計 Grand Total,"11,864,105","11,192,953","780,548","8,949,251","353,501","1,062,798","46,855","671,152","125,262","20,502","48,316","477,072"
109,亞洲地區,日本 Japan,"269,659","267,855","53,861","196,672",582,"16,298",442,"1,804","1,574",3,40,187
109,亞洲地區,韓國 Korea,"178,911","178,705","7,609","138,951","5,856","23,796","2,493",206,29,10,45,122
109,亞洲地區,香港.澳門 Hong Kong.Macao,"177,654","175,144",572,"134,705",16817,"22,208",842,"2,510","2,035",7,44,424
109,亞洲地區,中國大陸 China,"111,050","92,163","7,732","71,616","2,370","10,341",104,"18,887",208,371,687,"17,621"
109,亞洲地區,東南亞地區 越南 Vietnam,"110,882","110,610",28,"82,435","10,382","15,466","2,299",272,22,13,200,37
109,亞洲地區,東南亞地區 泰國 Thailand,"63,553","63,508",60,"57,799","3,404","2,245",0,45,24,2,7,12
109,亞洲地區,東南亞地區 馬來西亞 Malaysia,"72,705","71,993",213,"64,867",119,"6,767",27,712,87,273,35,317
109,亞洲地區,東南亞地區 新加坡 Singapore,"49,946","49,729",283,"45,226",67,"4,151",2,217,32,10,6,169
109,亞洲地區,東南亞地區 菲律賓 Philippines,"77,065","72,729",61,"64,723",109,"7,834",2,"4,336",333,267,"3,246",490
109,亞洲地區,東南亞地區 印尼 Indonesia,"55,717","49,527",62,"45,137",96,"4,215",17,"6,190",98,104,"3,589","2,399"
109,亞洲地區,東南亞地區 東南亞其他地區 Others,"5,515","4,268",9,"3,849",36,373,1,"1,247",46,124,930,147
109,亞洲地區,東南亞地區 東南亞小計 Sub-Total,"435,383","422,364",716,"364,036","14,213","41,051","2,348","13,019",642,793,"8,013","3,571"
109,亞洲地區,印度 India,"6,606","6,132",31,"5,325",69,706,1,474,83,52,199,140
109,亞洲地區,中東 Middle East,"2,737","2,640",32,"2,481",10,115,2,97,81,1,14,1
109,亞洲地區,亞洲其他 Others,"1,987","1,764",14,"1,608",27,109,6,223,183,2,34,4
109,亞洲地區,亞洲合計 Total,"1,183,987","1,146,767","70,567","915,394","39,944","114,624","6,238","37,220","4,835","1,239","9,076","22,070"
109,非洲地區,南非 S. Africa,"1,258","1,242",12,"1,125",17,88,0,16,1,12,2,1
109,非洲地區,非洲其他 Others,"1,244","1,200",3,"1,111",19,65,2,44,1,2,40,1
109,非洲地區,非洲合計 Total,"2,502","2,442",15,"2,236",36,153,2,60,2,14,42,2
109,美洲地區,美國 USA,"82,872","80,179","2,680","74,196",586,"2,668",49,"2,693","1,601",57,666,369
109,美洲地區,加拿大 Canada,"18,857","17,832",480,"16,178",413,736,25,"1,025",585,5,268,167
109,美洲地區,墨西哥 Mexico,600,548,12,487,1,48,0,52,30,11,5,6
109,美洲地區,阿根廷 Argentina,272,249,4,233,2,10,0,23,17,1,5,0
109,美洲地區,巴西 Brazil,823,800,11,746,2,38,3,23,13,4,5,1
109,美洲地區,美洲其他 Others,"2,693","2,664",40,"2,447",29,148,0,29,13,1,12,3
109,美洲地區,美洲合計 Total,"106,117","102,272","3,227","94,287","1,033","3,648",77,"3,845","2,259",79,961,546
109,大洋洲地區,澳洲 Australia,"18,906","17,483",347,"15,810",290,"1,021",15,"1,423","1,210",9,81,123
109,大洋洲地區,紐西蘭 New Zealand,"3,093","2,959",88,"2,660",62,149,0,134,100,2,22,10
109,大洋洲地區,大洋洲其他 Others,607,553,31,504,2,16,0,54,1,0,51,2
109,大洋洲地區,大洋洲合計 Total,"22,606","20,995",466,"18,974",354,"1,186",15,"1,611","1,311",11,154,135
109,歐洲地區,比利時 Belgium,"1,602","1,497",27,"1,377",20,72,1,105,3,81,10,11
109,歐洲地區,法國 France,"8,975","8,885",203,"8,179",82,415,6,90,23,44,6,17
109,歐洲地區,德國 Germany,"9,361","9,188",167,"8,456",89,471,5,173,76,9,63,25
109,歐洲地區,義大利 Italy,"2,267","2,225",48,103,35,128,0,42,21,3,6,12
109,歐洲地區,荷蘭 Netherlands,"5,311","4,854",51,"4,601",39,161,2,457,34,234,132,57
109,歐洲地區,英國 U.K.,"11,879","11,066",207,"9,683",521,639,16,813,442,156,144,71
109,歐洲地區,西班牙 Spain,111,"1,971",46,"1,748",26,151,0,51,11,16,13,11
109,歐洲地區,瑞典 Sweden,"1,499","1,425",36,"1,307",31,51,0,74,46,2,12,14
109,歐洲地區,瑞士 Switzerland,"1,491","1,456",27,"1,312",17,99,1,35,24,0,11,0
109,歐洲地區,奧地利 Austria,"1,622","1,608",38,"1,498",5,66,1,14,9,0,3,2
109,歐洲地區,希臘 Greece,280,232,2,161,3,66,0,48,3,9,30,6
109,歐洲地區,俄羅斯 Russian Federation,"2,939","2,654",59,"2,354",67,170,4,285,117,43,32,93
109,歐洲地區,歐洲其他 Others,"10,264","9,599",130,"8,606",235,615,13,665,136,234,183,112
109,歐洲地區,歐洲合計 Total,"59,512","56,660","1,041","51,296","1,170","3,104",49,"2,852",945,831,645,431
109,全區,未列明 Unstated,"3,137","2,158",78,"1,655",133,282,10,979,6,3,814,156
109,全區,總計 Grand Total,"1,377,861","1,331,294","75,394","1,083,842","42,670","122,997","6,391","46,567","9,358","2,177","11,692","23,340"
110,亞洲地區,日本 Japan,"10,056","10,039","3,680","6,132",0,227,0,17,0,0,16,1
110,亞洲地區,韓國 Korea,"3,300","3,273",28,"3,244",0,1,0,27,1,3,22,1
110,亞洲地區,香港.澳門 Hong Kong.Macao,"10,760","10,756",19,"9,487",566,684,0,4,0,0,4,0
110,亞洲地區,中國大陸 China,"13,267","12,574","1,062","10,032",9,"1,471",0,693,71,21,435,166
110,亞洲地區,東南亞地區 越南 Vietnam,"24,935","24,769",0,"24,769",0,0,0,166,37,1,124,4
110,亞洲地區,東南亞地區 泰國 Thailand,"7,570","7,553",0,"7,550",0,3,0,17,8,3,1,5
110,亞洲地區,東南亞地區 馬來西亞 Malaysia,"6,205","5,160",16,"5,130",0,14,0,"1,045",151,540,27,327
110,亞洲地區,東南亞地區 新加坡 Singapore,"2,417","2,387",15,"2,229",0,143,0,30,0,19,1,10
110,亞洲地區,東南亞地區 菲律賓 Philippines,"9,183","6,301",7,"6,287",0,7,0,"2,882",239,317,"2,145",181
110,亞洲地區,東南亞地區 印尼 Indonesia,"13,819","9,601",16,"9,173",1,411,0,"4,218",80,119,"2,561","1,458"
110,亞洲地區,東南亞地區 東南亞其他地區 Others,"1,180",861,5,856,0,0,0,319,12,49,219,39
110,亞洲地區,東南亞地區 東南亞小計 Sub-Total,"65,309","56,632",59,"55,994",1,578,0,"8,677",527,"1,048","5,078",113
110,亞洲地區,印度 India,"1,930","1,821",62,"1,753",1,5,0,109,36,29,7,37
110,亞洲地區,中東 Middle East,696,689,0,688,0,1,0,7,0,4,0,3
110,亞洲地區,亞洲其他 Others,678,539,3,535,0,1,0,139,117,2,16,4
110,亞洲地區,亞洲合計 Total,"105,996","96,323","4,913","87,865",577,"2,968",0,"9,673",752,"1,107","5,578","2,236"
110,非洲地區,南非 S. Africa,355,305,0,305,0,0,0,50,1,26,5,18
110,非洲地區,非洲其他 Others,546,514,1,512,0,1,0,32,0,4,27,1
110,非洲地區,非洲合計 Total,901,819,1,817,0,1,0,82,1,30,32,19
110,美洲地區,美國 USA,"11,981","11,937",215,"11,680",11,31,0,44,0,25,12,7
110,美洲地區,加拿大 Canada,"1,178","1,169",13,"1,141",7,8,0,9,0,7,1,1
110,美洲地區,墨西哥 Mexico,181,166,1,164,0,1,0,15,0,5,1,9
110,美洲地區,阿根廷 Argentina,52,49,0,49,0,0,0,3,0,3,0,0
110,美洲地區,巴西 Brazil,171,165,2,162,0,1,0,6,0,3,0,3
110,美洲地區,美洲其他 Others,"1,079","1,066",5,"1,061",0,0,0,13,2,4,3,4
110,美洲地區,美洲合計 Total,"14,642","14,552",236,"14,257",18,41,0,90,2,47,17,24
110,大洋洲地區,澳洲 Australia,568,550,8,528,1,13,0,18,0,10,2,6
110,大洋洲地區,紐西蘭 New Zealand,159,150,1,146,0,3,0,9,0,4,3,2
110,大洋洲地區,大洋洲其他 Others,631,595,3,424,168,0,0,36,0,3,33,0
110,大洋洲地區,大洋洲合計 Total,"1,358","1,295",12,"1,098",169,16,0,63,0,17,38,8
110,歐洲地區,比利時 Belgium,681,544,1,543,0,0,0,137,0,89,2,46
110,歐洲地區,法國 France,"1,567","1,523",6,"1,507",0,10,0,44,0,28,7,9
110,歐洲地區,德國 Germany,"1,937","1,870",8,"1,859",0,3,0,67,1,47,1,18
110,歐洲地區,義大利 Italy,539,519,0,515,0,4,0,20,0,16,0,4
110,歐洲地區,荷蘭 Netherlands,"2,070","1,562",2,"1,559",0,1,0,508,1,388,40,79
110,歐洲地區,英國 U.K.,"2,964","2,495",11,"2,436",14,34,0,469,1,335,35,98
110,歐洲地區,西班牙 Spain,423,410,1,409,0,0,0,13,0,11,0,2
110,歐洲地區,瑞典 Sweden,279,241,1,238,0,2,0,38,28,9,0,1
110,歐洲地區,瑞士 Switzerland,216,216,2,212,0,2,0,0,0,0,0,0
110,歐洲地區,奧地利 Austria,248,247,3,242,0,2,0,1,0,1,0,0
110,歐洲地區,希臘 Greece,71,69,0,69,0,0,0,2,0,2,0,0
110,歐洲地區,俄羅斯 Russian Federation,724,581,8,569,2,2,0,143,2,114,5,22
110,歐洲地區,歐洲其他 Others,"4,694","3,892",10,"3,875",0,7,0,802,23,578,30,171
110,歐洲地區,歐洲合計 Total,"16,413","14,169",53,"14,033",16,67,0,"2,244",56,"1,618",120,450
110,全區,未列明 Unstated,"1,169",561,17,522,0,22,0,608,9,5,399,195
110,全區,總計 Grand Total,"140,479","127,719","5,232","118,592",780,"3,115",0,"12,760",820,"2,824","6,184","2,932"
111,亞洲地區,日本 Japan,"87,616","87,595","34,492","50,626",3,"2,356",118,21,7,2,4,8
111,亞洲地區,韓國 Korea,"51,748","51,692","2,869","48,706",6,111,0,56,0,8,16,32
111,亞洲地區,香港.澳門 Hong Kong.Macao,"32,621","32,611",196,"28,430",1113,"2,872",0,10,0,0,0,10
111,亞洲地區,中國大陸 China,"24,378","23,083","3,098","18,469",30,"1,486",0,"1,295",127,84,779,305
111,亞洲地區,東南亞地區 越南 Vietnam,"134,818","134,529",21,"126,705",470,"7,333",0,289,35,6,166,82
111,亞洲地區,東南亞地區 泰國 Thailand,"74,434","74,395",87,"73,116",1,"1,190",1,39,4,6,25,4
111,亞洲地區,東南亞地區 馬來西亞 Malaysia,"59,035","58,238",355,"56,124",12,"1,747",0,797,88,601,19,89
111,亞洲地區,東南亞地區 新加坡 Singapore,"69,507","69,294",285,"68,469",14,526,0,213,0,35,144,34
111,亞洲地區,東南亞地區 菲律賓 Philippines,"64,038","58,214",67,"55,819",13,"2,315",0,"5,824",172,884,"4,340",428
111,亞洲地區,東南亞地區 印尼 Indonesia,"78,162","72,089",245,"70,242",13,"1,589",0,"6,073",102,219,"4,034","1,718"
111,亞洲地區,東南亞地區 東南亞其他地區 Others,"4,047","3,735",2,"3,672",0,61,0,312,33,38,194,47
111,亞洲地區,東南亞地區 東南亞小計 Sub-Total,"484,041","470,494","1,062","454,147",523,"14,761",1,"13,547",434,"1,789","8,922","2,402"
111,亞洲地區,印度 India,"9,390","9,103",29,"8,862",11,201,0,287,7,65,84,131
111,亞洲地區,中東 Middle East,"3,461","3,428",38,"3,370",2,18,0,33,0,3,4,26
111,亞洲地區,亞洲其他 Others,"3,537","3,449",54,"3,285",18,92,0,88,16,1,40,31
111,亞洲地區,亞洲合計 Total,"696,792","681,455","41,838","615,895","1,706","21,897",119,"15,337",591,"1,952","9,849","2,945"
111,非洲地區,南非 S. Africa,"1,625","1,571",11,"1,546",0,14,0,54,0,31,8,15
111,非洲地區,非洲其他 Others,"1,785","1,722",4,"1,710",0,8,0,63,0,30,20,13
111,非洲地區,非洲合計 Total,"3,410","3,293",15,"3,256",0,22,0,117,0,61,28,28
111,美洲地區,美國 USA,"90,614","90,537","4,021","85,628",68,819,1,77,0,67,2,8
111,美洲地區,加拿大 Canada,"13,244","13,210",321,"12,521",47,315,6,34,0,29,2,3
111,美洲地區,墨西哥 Mexico,713,697,23,667,0,7,0,16,0,8,3,5
111,美洲地區,阿根廷 Argentina,195,195,4,190,0,1,0,0,0,0,0,0
111,美洲地區,巴西 Brazil,723,708,9,695,1,3,0,15,0,12,1,2
111,美洲地區,美洲其他 Others,"3,353","3,342",59,"3,263",1,19,0,11,2,4,3,2
111,美洲地區,美洲合計 Total,"108,842","108,689","4,437","102,964",117,"1,164",7,153,2,120,11,20
111,大洋洲地區,澳洲 Australia,"11,509","11,482",189,"11,002",24,267,0,27,0,23,1,3
111,大洋洲地區,紐西蘭 New Zealand,"2,792","2,780",45,"2,692",8,35,0,12,0,9,2,1
111,大洋洲地區,大洋洲其他 Others,619,606,12,593,0,1,0,13,1,0,12,0
111,大洋洲地區,大洋洲合計 Total,"14,920","14,868",246,"14,287",32,303,0,52,1,32,15,4
111,歐洲地區,比利時 Belgium,"1,879","1,707",18,"1,681",0,8,0,172,0,105,1,66
111,歐洲地區,法國 France,"8,349","8,317",179,"8,030",5,96,7,32,0,22,2,8
111,歐洲地區,德國 Germany,"10,811","10,757",217,"10,405",7,128,0,54,0,43,2,9
111,歐洲地區,義大利 Italy,"3,011","2,966",39,"2,887",4,35,1,45,0,38,0,7
111,歐洲地區,荷蘭 Netherlands,"6,190","5,441",73,"5,310",2,55,1,749,3,614,15,117
111,歐洲地區,英國 U.K.,"13,723","12,841",215,"12,312",48,266,0,882,0,751,25,106
111,歐洲地區,西班牙 Spain,"1,962","1,934",40,"1,836",0,58,0,28,0,22,2,4
111,歐洲地區,瑞典 Sweden,"1,429","1,397",31,"1,347",2,17,0,32,1,19,12,0
111,歐洲地區,瑞士 Switzerland,"1,602","1,602",37,"1,552",1,12,0,0,0,0,0,0
111,歐洲地區,奧地利 Austria,"1,470","1,470",24,"1,444",0,2,0,0,0,0,0,0
111,歐洲地區,希臘 Greece,260,229,2,211,0,16,0,31,1,14,12,4
111,歐洲地區,俄羅斯 Russian Federation,"1,786","1,624",28,"1,584",0,12,0,162,2,108,16,36
111,歐洲地區,歐洲其他 Others,"13,518","11,948",166,"11,641",11,130,0,"1,570",9,"1,226",73,262
111,歐洲地區,歐洲合計 Total,"65,990","62,233","1,069","60,240",80,835,9,"3,757",16,"2,962",160,619
111,全區,未列明 Unstated,"6,008","5,369",212,"5,102",1,54,0,639,0,0,496,143
111,全區,總計 Grand Total,"895,962","875,907","47,817","801,744","1,936","24,275",135,"20,055",610,"5,127","10,559","3,759"
112,亞洲地區,日本 Japan,"928,235","902,941","281,653","590,170",218,"30,833",67,"25,294","24,526",92,451,225
112,亞洲地區,韓國 Korea,"744,727","737,844","39,735","651,117","1,805","45,170",17,"6,883","6,492",35,175,181
112,亞洲地區,香港.澳門 Hong Kong.Macao,"1,199,572","1,157,144","3,873","920,602",55824,"176,841",4,"42,428",544,0,"40,788","1,096"
112,亞洲地區,中國大陸 China,"226,269","206,508","31,516","151,004","2,424","21,557",7,"19,761",269,302,"1,385","17,805"
112,亞洲地區,東南亞地區 越南 Vietnam,"382,529","381,988",187,"265,618","40,375","71,957","3,851",541,155,46,281,59
112,亞洲地區,東南亞地區 泰國 Thailand,"394,688","394,243",617,"378,560",86,"14,423",557,445,150,3,229,63
112,亞洲地區,東南亞地區 馬來西亞 Malaysia,"437,491","435,793","1,858","415,984",332,"17,594",25,"1,698",572,195,462,469
112,亞洲地區,東南亞地區 新加坡 Singapore,"463,893","461,860","2,649","454,026",265,"4,909",11,"2,033",980,69,225,759
112,亞洲地區,東南亞地區 菲律賓 Philippines,"350,487","340,539",415,"312,484",801,"26,833",6,"9,948",670,"1,534","6,909",835
112,亞洲地區,東南亞地區 印尼 Indonesia,"10,880","190,335","1,617","172,205",235,"16,162",116,"11,645",303,377,"8,552","2,413"
112,亞洲地區,東南亞地區 東南亞其他地區 Others,"22,415","21,455",88,"20,371",48,943,5,960,68,154,571,167
112,亞洲地區,東南亞地區 東南亞小計 Sub-Total,"2,253,483","2,226,213","7,431","108,248","42,142","152,821","4,571","27,270","2,898","2,378","17,229","4,765"
112,亞洲地區,印度 India,"31,584","29,808",255,"26,823",211,"2,507",12,"1,776",118,220,"1,046",392
112,亞洲地區,中東 Middle East,"15,185","14,701",346,"13,894",31,430,0,484,347,9,83,45
112,亞洲地區,亞洲其他 Others,"33,000","32,686",651,"29,189",357,"2,482",7,314,123,17,123,51
112,亞洲地區,亞洲合計 Total,"5,432,055","5,307,845","365,460","4,402,047","103,012","432,641","4,685","124,210","35,317","3,053","61,280","24,560"
112,非洲地區,南非 S. Africa,"4,408","4,192",52,"3,912",31,197,0,216,59,31,23,103
112,非洲地區,非洲其他 Others,"4,946","4,850",58,"4,552",27,211,2,96,20,15,30,31
112,非洲地區,非洲合計 Total,"9,354","9,042",110,"8,464",58,408,2,312,79,46,53,134
112,美洲地區,美國 USA,"529,532","514,515","28,989","475,118","1,375","8,984",49,"15,017","9,853",93,"2,617","2,454"
112,美洲地區,加拿大 Canada,"92,404","87,921","3,610","80,083",657,"3,562",9,"4,483","2,412",3,"1,450",618
112,美洲地區,墨西哥 Mexico,"3,436","2,913",128,"2,717",13,55,0,523,375,8,7,133
112,美洲地區,阿根廷 Argentina,842,798,33,704,1,60,0,44,30,0,7,7
112,美洲地區,巴西 Brazil,"3,243","3,079",107,"2,839",5,127,1,164,131,5,12,16
112,美洲地區,美洲其他 Others,"10,519","10,350",322,"9,682",31,315,0,169,121,4,18,26
112,美洲地區,美洲合計 Total,"639,976","619,576","33,189","571,143","2,082","13,103",59,"20,400","12,922",113,"4,111","3,254"
112,大洋洲地區,澳洲 Australia,"87,288","83,229","1,926","76,967",552,"3,774",10,"4,059","2,466",13,570,"1,010"
112,大洋洲地區,紐西蘭 New Zealand,"15,040","14,538",333,"13,666",50,487,2,502,286,3,110,103
112,大洋洲地區,大洋洲其他 Others,"1,877","1,834",32,"1,736",0,66,0,43,4,3,32,4
112,大洋洲地區,大洋洲合計 Total,"104,205","99,601","2,291","92,369",602,"4,327",12,"4,604","2,756",19,712,"1,117"
112,歐洲地區,比利時 Belgium,"6,762","6,474",247,"5,890",20,315,2,288,83,83,56,66
112,歐洲地區,法國 France,"42,852","41,850","1,867","38,415",147,"1,406",15,"1,002",771,100,79,52
112,歐洲地區,德國 Germany,"60,704","53,362","1,836","49,485",172,"1,866",3,"7,342","5,133",17,104,177
112,歐洲地區,義大利 Italy,"14,330","13,853",534,"12,666",64,588,1,477,370,19,48,40
112,歐洲地區,荷蘭 Netherlands,"21,571","20,636",475,"19,375",82,701,3,935,227,261,223,224
112,歐洲地區,英國 U.K.,"60,779","55,238","1,568","49,619",595,"3,447",9,"5,541","2,226",581,"1,351","1,383"
112,歐洲地區,西班牙 Spain,"9,836","9,435",330,"8,533",54,515,3,401,304,51,28,18
112,歐洲地區,瑞典 Sweden,"6,245","6,107",234,"5,605",27,241,0,138,99,7,20,12
112,歐洲地區,瑞士 Switzerland,"9,870","9,464",339,"8,725",42,358,0,406,304,0,83,19
112,歐洲地區,奧地利 Austria,"8,612","8,314",201,"7,916",11,186,0,298,194,1,92,11
112,歐洲地區,希臘 Greece,"1,428","1,172",27,947,1,197,0,256,23,52,149,32
112,歐洲地區,俄羅斯 Russian Federation,"5,592","5,129",193,"4,681",40,215,0,463,272,75,83,33
112,歐洲地區,歐洲其他 Others,"50,405","47,554","1,335","43,315",275,"2,623",6,"2,851",793,899,706,453
112,歐洲地區,歐洲合計 Total,"298,986","278,588","9,186","255,172","1,530","12,658",42,"20,398","10,799","2,146","4,933","2,520"
112,全區,未列明 Unstated,"2,375","2,101",403,"1,532",32,133,1,274,2,1,206,65
112,全區,總計 Grand Total,"6,486,951","6,316,753","410,639","5,330,727","107,316","463,270","4,801","170,198","61,875","5,378","71,295","31,650"
113,亞洲地區,日本 Japan,"1,319,592","1,263,834","334,627","875,798",701,"52,689",19,"55,758","54,400",278,172,908
113,亞洲地區,韓國 Korea,"1,003,086","990,878","45,726","854,739","24,051","66,358",4,"12,208","11,467",37,257,447
113,亞洲地區,香港.澳門 Hong Kong.Macao,"1,310,977","1,304,716","4,900","991,461",93056,"214,409",890,"6,261","1,534",0,234,"4,493"
113,亞洲地區,中國大陸 China,"438,212","363,441","48,703","266,177","8,135","40,317",109,"74,771",983,340,"1,330","72,118"
113,亞洲地區,東南亞地區 越南 Vietnam,"370,548","369,622",293,"258,400","41,341","68,645",943,926,439,42,295,150
113,亞洲地區,東南亞地區 泰國 Thailand,"400,038","398,980",712,"378,168",395,"18,278","1,427","1,058",681,6,119,252
113,亞洲地區,東南亞地區 馬來西亞 Malaysia,"429,727","424,846","2,383","396,461",821,"25,123",58,"4,881","1,494",469,128,"2,790"
113,亞洲地區,東南亞地區 新加坡 Singapore,"447,841","443,896","2,917","430,246",460,"10,262",11,"3,945","1,609",53,50,"2,233"
113,亞洲地區,東南亞地區 菲律賓 Philippines,"467,157","455,402",431,"414,234",576,"40,159",2,"11,755","2,796","1,760","6,246",953
113,亞洲地區,東南亞地區 印尼 Indonesia,"224,477","211,318","1,071","184,830",512,"24,872",33,"13,159",871,419,"9,233","2,636"
113,亞洲地區,東南亞地區 東南亞其他地區 Others,"25,603","24,565",127,"23,321",63,995,59,"1,038",166,108,441,323
113,亞洲地區,東南亞地區 東南亞小計 Sub-Total,"2,365,391","2,328,629","7,934","2,085,660","44,168","188,334","2,533","36,762","8,056","2,857","16,512","9,337"
113,亞洲地區,印度 India,"38,158","36,253",245,"32,248",319,"3,441",0,"1,905",252,392,817,444
113,亞洲地區,中東 Middle East,"20,022","19,244",494,"17,925",55,770,0,778,656,11,68,43
113,亞洲地區,亞洲其他 Others,"82,101","81,157","1,377","71,943","1,062","6,750",25,944,272,13,549,110
113,亞洲地區,亞洲合計 Total,"6,577,539","6,388,152","444,006","5,195,951","171,547","573,068","3,580","189,387","77,620","3,928","19,939","87,900"
113,非洲地區,南非 S. Africa,"4,815","4,657",72,"4,247",67,271,0,158,83,31,24,20
113,非洲地區,非洲其他 Others,"6,725","6,517",87,"6,110",48,272,0,208,138,17,20,33
113,非洲地區,非洲合計 Total,"11,540","11,174",159,"10,357",115,543,0,366,221,48,44,53
113,美洲地區,美國 USA,"651,264","628,778","29,820","583,892","2,136","12,920",10,"22,486","16,961",63,"3,903","1,559"
113,美洲地區,加拿大 Canada,"112,137","107,036","3,995","96,792","1,114","5,125",10,"5,101","3,805",8,708,580
113,美洲地區,墨西哥 Mexico,"4,403","3,800",148,"3,520",21,111,0,603,516,9,63,15
113,美洲地區,阿根廷 Argentina,"1,089","1,027",60,901,1,65,0,62,44,0,8,10
113,美洲地區,巴西 Brazil,"4,258","4,008",130,"3,672",29,177,0,250,216,7,20,7
113,美洲地區,美洲其他 Others,"11,704","11,320",344,"10,511",43,422,0,384,321,3,43,17
113,美洲地區,美洲合計 Total,"784,855","755,969","34,497","699,288","3,344","18,820",20,"28,886","21,863",90,"4,745","2,188"
113,大洋洲地區,澳洲 Australia,"112,547","102,624","2,413","93,668",909,"5,627",7,"9,923","8,580",23,420,900
113,大洋洲地區,紐西蘭 New Zealand,"17,053","15,809",393,"14,575",76,764,1,"1,244","1,034",10,70,130
113,大洋洲地區,大洋洲其他 Others,"2,120","2,070",37,"1,921",4,108,0,50,0,4,44,2
113,大洋洲地區,大洋洲合計 Total,"131,720","120,503","2,843","110,164",989,"6,499",8,"11,217","9,614",37,534,"1,032"
113,歐洲地區,比利時 Belgium,"7,976","7,610",243,"6,957",46,363,1,366,124,74,33,135
113,歐洲地區,法國 France,"49,853","48,482","1,889","44,058",293,"2,238",4,"1,371","1,035",183,41,112
113,歐洲地區,德國 Germany,"73,680","62,326","2,139","57,130",280,"2,775",2,"11,354","10,823",17,328,186
113,歐洲地區,義大利 Italy,"16,752","15,778",565,"14,183",129,901,0,974,789,15,119,51
113,歐洲地區,荷蘭 Netherlands,"24,602","23,556",846,"21,686",132,890,2,"1,046",373,263,156,254
113,歐洲地區,英國 U.K.,"67,882","60,711","1,824","53,512",899,"4,467",9,"7,171","4,867",758,825,721
113,歐洲地區,西班牙 Spain,"12,914","12,141",369,"10,890",103,779,0,773,569,66,50,88
113,歐洲地區,瑞典 Sweden,"7,174","6,994",217,"6,372",18,387,0,180,116,4,29,31
113,歐洲地區,瑞士 Switzerland,"12,471","11,862",462,"10,784",79,537,0,609,523,3,58,25
113,歐洲地區,奧地利 Austria,"9,860","9,264",245,"8,680",31,307,1,596,539,0,40,17
113,歐洲地區,希臘 Greece,"1,691","1,392",20,"1,083",9,280,0,299,27,65,178,29
113,歐洲地區,俄羅斯 Russian Federation,"6,821","6,270",243,"5,648",54,325,0,551,333,81,85,52
113,歐洲地區,歐洲其他 Others,"58,305","54,569","1,378","49,437",491,"3,261",2,"3,736","1,596",892,599,649
113,歐洲地區,歐洲合計 Total,"349,981","320,955","10,440","290,420","2,564","17,510",21,"29,026","21,714","2,421","2,541","2,350"
113,全區,未列明 Unstated,"2,051","1,993",462,"1,358",29,144,0,58,1,0,9,48
113,全區,總計 Grand Total,"7,857,686","7,598,746","492,407","6,307,538","178,588","616,584","3,629","258,940","131,033","6,524","27,812","93,571"
